Book URI,Number of mentions of Hadith
0230IbnSacd.TabaqatKubra.Shamela0001686-ara1,1
0279Baladhuri.AnsabAshraf.Shamela0009773-ara1,1
0378HakimKabir.AsamiWaKuna.ShamAY0034585-ara1,1
0395IbnMandahMuhammad.MacrifatSahaba.Shamela0021481-ara1,1
0430AbuNucaymIsbahani.MacrifatSahaba.JK009408-ara1,1
0535QawwamSunna.SiyarSalaf.Shamela0021493-ara1,1
0571IbnCasakir.TarikhDimashq.JK000916-ara1,7
0600AbuBaqaHilli.ManaqibMazyadiyya.JK009228-ara1,1
0685IbnSacidMaghribi.NashwatTarab.Shamela0028174-ara1,1
0711IbnManzurIfriqi.MukhtasarTarikhDimashq.Shamela0003118-ara1,3
0748Dhahabi.SiyarAclamNubala.Shamela0010906-ara1,2
0748Dhahabi.TarikhIslam.Shamela0035100-ara1,2
0774IbnKathir.Bidaya.Shamela0004445-ara1,5
