Topic,uri,ms
429,0255CabdAllahDarimi.Sunan.Sham19Y0036114-ara5,323
55,0255Jahiz.HujajNubuwwa.Shamela0010428BK27-ara1,24
55,0256Bukhari.Sahih.JK000110-ara1,1285
268,0256Bukhari.Sahih.JK000110-ara1,1628
306,0256Bukhari.Sahih.JK000110-ara1,1199
424,0256Bukhari.Sahih.JK000110-ara1,730
424,0256Bukhari.Sahih.JK000110-ara1,856
424,0256Bukhari.Sahih.JK000110-ara1,1676
424,0256Bukhari.Sahih.JK000110-ara1,1810
429,0256Bukhari.Sahih.JK000110-ara1,1186
755,0256Bukhari.Sahih.JK000110-ara1,1293
827,0256Bukhari.Sahih.JK000110-ara1,194
848,0256Bukhari.Sahih.JK000110-ara1,1273
986,0256Bukhari.Sahih.JK000110-ara1,1675
993,0256Bukhari.Sahih.JK000110-ara1,1293
1202,0256Bukhari.Sahih.JK000110-ara1,1292
1334,0256Bukhari.Sahih.JK000110-ara1,241
55,0260ImamCaskari.Tafsir.Shia002334-ara1,270
55,0261Muslim.Sahih.Shamela0001727-ara1,1547
306,0261Muslim.Sahih.Shamela0001727-ara1,349
540,0261Muslim.Sahih.Shamela0001727-ara1,349
755,0261Muslim.Sahih.Shamela0001727-ara1,1546
1077,0264IbnYahyaMuzani.SunanMathura.Shamela0013033-ara1,37
306,0273AbuUmayyaTarsusi.MusnadAbiUmayya.Shamela0029711-ara1,6
424,0273AbuUmayyaTarsusi.MusnadAbiUmayya.Shamela0029711-ara1,2
424,0273AbuUmayyaTarsusi.MusnadAbiUmayya.Shamela0029711-ara1,3
268,0273IbnMaja.Sunan.Shia001731Vols-ara1,256
