,unique_tags,counts,uris
610,JK@السير والتاريخ,1,['0535QawwamSunna.DalailNubuwwa']
288,_NABI,3,"['0734IbnSayyidNas.CuyunAthar', '0774IbnKathir.Bidaya', '0942IbnYusufShami.SubulHuda']"
309,GAL@biography-muhammad,3,"['0734IbnSayyidNas.CuyunAthar', '0923AhmadQastallani.IrshadSari', '0923AhmadQastallani.MawahibLaduniyya']"
274,Shia@مصادر سيرة النبي والائمة,3,"['0734IbnSayyidNas.CuyunAthar', '0774IbnKathir.Bidaya', '0942IbnYusufShami.SubulHuda']"
123,JK@سيرة النبي صلى الله عليه وسلم,8,"['0450AbuHasanMawardi.AclamNubuwwa', '0458Bayhaqi.DalailNubuwwa', '0463IbnCabdBarr.Durar', '0535QawwamSunna.DalailNubuwwa', '0751IbnQayyimJawziyya.ZadMacad', '0774IbnKathir.Bidaya', '0911Suyuti.KhasaisKubra', '0942IbnYusufShami.SubulHuda']"
126,JK@كتب سيرة النبي صلى الله عليه وسلم وأصحابه,8,"['0450AbuHasanMawardi.AclamNubuwwa', '0458Bayhaqi.DalailNubuwwa', '0463IbnCabdBarr.Durar', '0535QawwamSunna.DalailNubuwwa', '0751IbnQayyimJawziyya.ZadMacad', '0774IbnKathir.Bidaya', '0911Suyuti.KhasaisKubra', '0942IbnYusufShami.SubulHuda']"
445,Sham@السيرة والشمائل,2,"['0776JamalDinSurramarri.KhasaisSayyidCalamin', '0797IbnCaquli.Rasf']"
84,Shamela@السيرة والشمائل,14,"['0407IbnMuhammadKharkushi.SharafMustafa', '0415QadiCabdJabbar.TathbitDalailNubuwwa', '0430AbuNucaymIsbahani.DalailNubuwwa', '0450AbuHasanMawardi.AclamNubuwwa', '0458Bayhaqi.DalailNubuwwa', '0463IbnCabdBarr.Durar', '0535QawwamSunna.DalailNubuwwa', '0734IbnSayyidNas.CuyunAthar', '0774IbnKathir.Bidaya', '0845Maqrizi.ImtacAsmac', '0893IbnAbiBakrHadari.BahjatMahafil', '0911Suyuti.KhasaisKubra', '0923AhmadQastallani.MawahibLaduniyya', '0942IbnYusufShami.SubulHuda']"
74,_SIRA,15,"['0407IbnMuhammadKharkushi.SharafMustafa', '0415QadiCabdJabbar.TathbitDalailNubuwwa', '0430AbuNucaymIsbahani.DalailNubuwwa', '0450AbuHasanMawardi.AclamNubuwwa', '0458Bayhaqi.DalailNubuwwa', '0463IbnCabdBarr.Durar', '0535QawwamSunna.DalailNubuwwa', '0734IbnSayyidNas.CuyunAthar', '0751IbnQayyimJawziyya.ZadMacad', '0774IbnKathir.Bidaya', '0845Maqrizi.ImtacAsmac', '0893IbnAbiBakrHadari.BahjatMahafil', '0911Suyuti.KhasaisKubra', '0923AhmadQastallani.MawahibLaduniyya', '0942IbnYusufShami.SubulHuda']"
