Topic,uri,ms
346,0727MuzhiriZaydani.Mafatih.Sham19Y0016976-ara1,1822
251,0728IbnTaymiyya.JawabSahih.Shamela0000170-ara1,1043
251,0733IbnJamacaBadrDinHamawi.Mashyakha.Shamela0030327-ara1,23
346,0733Nuwayri.NihayatArab.Shamela0010283-ara1,3291
251,0734IbnSayyidNas.CuyunAthar.Masaha002308Vols-ara1,158
346,0741KhatibTabrizi.MishkatMasabih.Shamela0008360-ara1,892
251,0741KhazinBaghdadi.LubabTawil.Shamela0023628-ara1,2241
346,0743SharafDinTibi.SharhMishkat.Sham19Y0122257-ara1,3323
251,0748Dhahabi.SiyarAclamNubala.Shamela0010906-ara1,137
251,0748Dhahabi.TarikhIslam.Shamela0035100-ara1,543
