,unique_tags,counts
0,GAL@literature-islamic,154
1,,116
2,GAL@literature-arabic,106
3,_HADITH,98
4,_TARAJIM,56
5,_SUNNI,54
6,GAL@period-classical,54
7,GAL@0750-1000CE,54
8,GAL@period-postclassical,52
9,GAL@hadith,52
10,GAL@1000-1258CE,52
11,GAL@period-decline,48
12,GAL@period-mamluk,45
13,GAL@period-postmongol,45
14,GAL@1258-1517CE,45
15,resided@QAHIRA_312E300N_S,44
16,visited@MAKKA_398E213N_S,43
17,_FIQH,43
18,GAL@syria,37
19,_TAFSIR,37
20,resided@BAGHDAD_443E333N_S,36
21,GAL@fiqh,35
22,born@Sham_RE,33
23,died@QAHIRA_312E300N_S,33
24,born@Iraq_RE,32
25,_QURAN,32
26,GAL@egypt,31
27,CENT0500,31
28,born@Misr_RE,31
29,COMPLETED,31
30,CENT0400,30
31,_CULUM,29
32,born@Khurasan_RE,28
33,CENT0800,28
34,born@QAHIRA_312E300N_S,26
35,GAL@nodata,26
36,resided@DIMASHQ_363E335N_S,26
37,CENT0300,25
38,MARKDOWN,25
39,PAGINATION,24
40,visited@Sham_RE,24
41,GAL@quran-sciences,22
42,GAL@history,22
43,GAL@historiography,22
44,CENT0600,22
45,PPE,22
46,Sham@شروح الحديث,21
47,HTML_TAGS,21
48,Shamela@التفاسير,21
49,GAL@quran,20
50,visited@HALAB_371E361N_S,18
51,_SHARH,17
52,visited@BAYTMAQDIS_352E317N_S,17
53,_MACAJIM,17
54,JK@كتب الحديث النبوي الشريف وتراجم الرواة,17
55,GAL@persia,16
56,born@Jibal_RE,16
57,Shamela@متون الحديث,16
58,CENT0900,16
59,died@DIMASHQ_363E335N_S,15
60,visited@Misr_RE,15
61,died@BAGHDAD_443E333N_S,15
62,visited@MADINA_396E244N_S,15
63,visited@ISKANDARIYYA_299E311N_S,14
64,visited@JaziratArab_RE,14
65,CENT1000,14
66,EDITORIAL_SECTIONS,14
67,resided@MAKKA_398E213N_S,14
68,born@BAGHDAD_443E333N_S,13
69,born@Andalus_RE,13
70,_SHICI,13
71,CENT0700,13
72,GAL@philology,12
73,_SIRA,12
74,resided@MADINA_396E244N_S,12
75,visited@Iraq_RE,12
76,GAL@shafiis,12
77,_SHAMAIL,11
78,_TAKHRIJ,10
79,_TARIKH,10
80,resided@BASRA_477E304N_S,10
81,_MASANID,10
82,_CAQAID,10
83,born@NAYSABUR_587E361N_S,10
84,Shamela@شروح الحديث,10
85,visited@DIMASHQ_363E335N_S,10
86,born@ISBAHAN_516E326N_S,10
87,resided@NAYSABUR_587E361N_S,10
88,GAL@shia,10
89,resided@Misr_RE,10
90,_AJZA,9
91,_TABAQAT,9
92,RANDOM_CHARS,9
93,Shia@مصادر الحديث السنية ـ القسم العام,9
94,GAL@quran-tafsir,9
95,_ADAB,9
96,resided@KUFA_443E320N_S,9
97,Sham@كتب التخريج والزوائد,8
98,_AHKAM,8
99,born@Andalus_RE_Auto,8
100,_ASHAB,8
101,GAL@polyhistors,8
102,JK@كتب التفاسير وعلوم القرآن,8
103,GAL@history-universal,8
104,JK@التفاسير,8
105,_MUSTALAHAT,8
106,GAL@encyclopaedias,8
107,INCOMPLETE_VERSION,8
108,Sham@متون الحديث,8
109,visited@BAGHDAD_443E333N_S,7
110,GAL@iraq,7
111,visited@NAYSABUR_587E361N_S,7
112,NO_MAJOR_ISSUES,7
113,born@DIMASHQ_363E335N_S,7
114,born@Khurasan_RE_Auto,7
115,Shamela@السيرة والشمائل,7
116,BIO,7
117,resided@TUS_594E364N_S,7
118,COL,7
119,born@QURTUBA_047W379N_S,7
120,visited@RAMLA_348E319N_S,7
121,GAL@spain,7
122,Shamela@التراجم والطبقات,6
123,resided@Yaman_RE,6
124,GAL@imamis,6
125,_MILAL,6
126,_NAHW,6
127,visited@Rum_RE,6
128,GAL@arabia,6
129,_SARF,6
130,_CILAL,6
131,GAL@history-world,6
132,Sham@النحو والصرف,6
133,_SUNAN,6
134,born@BASRA_477E304N_S,6
135,Sham@التفاسير,6
136,visited@QUS_327E259N_S,6
137,resided@FUSTAT_312E300N_S,6
138,born@BAYHAQ_576E360N_R,6
139,JK@كتب التفاسير,6
140,GAL@hanafis,6
141,resided@Aqur_RE,6
142,Shamela@كتب التخريج والزوائد,6
143,Shamela@علوم القرآن,6
144,born@Sham_RE_Auto,6
145,JK@فقه الحديث والمذاهب الأخرى,6
146,born@Mawarannahr_RE,6
147,born@Yaman_RE,6
148,_GHARIB,6
149,GAL@jazira,6
150,born@Jibal_RE_Auto,6
151,born@Daylam_RE,5
152,died@ISBAHAN_516E326N_S,5
153,_SHAFICI,5
154,ShamAY@التفاسير,5
155,resided@AYNTABXXXYYY,5
156,_SAHIH,5
157,GAL@iran,5
158,resided@BALANSIYYA_004W394N_S,5
159,resided@BAYHAQ_576E360N_R,5
160,_MAJMUCAT,5
161,ShamAY@متون الحديث,5
162,visited@BALABAKK_361E340N_S,5
163,Shamela@الأدب والبلاغة,5
164,died@ISBAHAN_516E326N_R,5
165,born@AYNTABXXXYYY,5
166,died@BAYHAQ_576E360N_R,5
167,resided@Sham_RE,5
168,visited@GHAZZA_344E314N_S,5
169,Shia@مصادر الحديث الشيعية ـ القسم العام,5
170,resided@ISBAHAN_516E326N_R,5
171,resided@RAYY_515E356N_S,5
172,visited@HIMS_367E347N_S,5
173,resided@WASIT_463E321N_S,5
174,GAL@history-imperial,5
175,born@AKKA_350E329N_S,5
176,MISSING_PARTS,5
177,Shia@مصادر الحديث السنية ـ قسم الفقه,4
178,resided@NAJRAN_442E175N_S,4
179,_CHRONOMULTIPLE,4
180,_BALAGHA,4
181,Shia@مصادر التفسير عند الشيعة,4
182,resided@Mawarannahr_RE,4
183,_LUGHA,4
184,visited@RAQQA_390E359N_S,4
185,resided@BadiyatArab_RE,4
186,died@FUSTAT_312E300N_S,4
187,resided@HALAB_371E361N_S,4
188,born@Sijistan_RE,4
189,visited@HAMADHAN_485E347N_S,4
190,born@Misr_RE_Auto,4
191,born@Maghrib_RE,4
192,born@MINA_399E213N_S,4
193,born@MAYYAFARIQIN_410E381N_S,4
194,resided@ISKANDARIYYA_299E311N_S,4
195,born@JaziratArab_RE_Auto,4
196,born@GHAZZA_344E314N_S,4
197,born@BUST_643E313N_S,4
198,born@BUSRA_364E325N_S,4
199,born@BAGHSHUR_625E356N_S,4
200,visited@NABULUS_352E322N_S,4
201,born@ASQALAN_345E316N_S,4
202,resided@QURTUBA_047W379N_S,4
203,visited@Yaman_RE,4
204,GAL@hadith-sciences,4
205,Shamela@الأجزاء الحديثية,4
206,JK@السنن,4
207,GAL@turan,4
208,GAL@dogmatics,4
209,KITAB@lexicographical_alphabetical_first_radical,4
210,GAL@hanbalis,4
211,GAL@history-local,4
212,GAL@cilm-rijal,4
213,born@RAYY_515E356N_S,3
214,Sham@فقه شافعي,3
215,visited@Khurasan_RE,3
216,resided@SHATIBA_005W389N_S,3
217,_RAQAIQ,3
218,born@Yaman_RE_Auto,3
219,_QAWACID,3
220,_MUSHKIL,3
221,_SUALAT,3
222,_MAKHTUTAT,3
223,resided@NAYSABUR_587E361N_R,3
224,CENT0200,3
225,JK@المصنفات والآثار,3
226,born@NASA_582E378N_S,3
227,born@NASA_711E404N_R,3
228,visited@JURJAN_549E373N_R,3
229,visited@QAZWIN_500E362N_S,3
230,Sham@الأدب والبلاغة,3
231,born@Mawarannahr_RE_Auto,3
232,_USUL,3
233,visited@AYLA_349E295N_S,3
234,visited@Andalus_RE,3
235,visited@BAJAYA_050E367N_S,3
236,born@Aqur_RE,3
237,visited@BASRA_477E304N_S,3
238,born@HARRAN_390E368N_S,3
239,born@HALAB_371E361N_S,3
240,born@GHARNATA_035W372N_S,3
241,GAL@period-ottoman,3
242,JK@الصحاح,3
243,Shamela@التاريخ,3
244,Shamela@الغريب والمعاجم ولغة الفقه,3
245,resided@HARA_621E343N_S,3
246,Shamela@مخطوطات حديثية,3
247,resided@DANIYA_001E388N_S,3
248,resided@ISBAHAN_516E326N_S,3
249,resided@BUKHARA_644E398N_S,3
250,visited@TUNIS_101E367N_S,3
251,Shamela@فقه عام,3
252,Shamela@فقه حنفي,3
253,visited@Siqiliyya_RE,3
254,resided@Khurasan_RE,3
255,DHB,3
256,_ADHKAR,3
257,died@NAYSABUR_587E361N_S,3
258,GAL@1518-1798CE,3
259,JK@كتب المصنفات والآثار,3
260,died@Misr_RE,3
261,resided@MARAGHA_462E373N_S,3
262,resided@NUQAN_595E362N_S,2
263,GAL@rum,2
264,resided@NAJAF_443E319N_S,2
265,resided@BAJAYA_050E367N_S,2
266,visited@ASQALAN_345E316N_S,2
267,born@KUFA_443E320N_S,2
268,JK@كتب الشروح,2
269,JK@كتب العقائد المسندة,2
270,died@HALAB_371E361N_S,2
271,born@JAZIRAIBNUMAR_421E372N_S,2
272,resided@JAZIRAIBNUMAR_421E372N_S,2
273,born@Iraq_RE_Auto,2
274,died@HARA_621E343N_S,2
275,died@HILLAXXXYYY,2
276,born@MAWSIL_431E363N_S,2
277,born@ISKANDARIYYA_299E311N_S,2
278,resided@MARIYYA_025W368N_S,2
279,died@Hind_RE,2
280,resided@MAWSIL_431E363N_S,2
281,visited@BATALYUS_069W388N_S,2
282,born@HILLAXXXYYY,2
283,visited@BAYHAQ_576E360N_R,2
284,resided@HILLAXXXYYY,2
285,died@MADINA_396E244N_S,2
286,GAL@sciences-hadith,2
287,GAL@persia-neighbors,2
288,born@Fars_RE_Auto,2
289,resided@KHUWARIZM_599E416N_R,2
290,resided@ATRABULUS_131E328N_S,2
291,JK@كتب الأخلاق والسلوك,2
292,visited@BILBAYS_315E304N_S,2
293,born@UKBARA_442E338N_S,2
294,born@TUS_594E364N_S,2
295,born@TABRISH_500E347N_R,2
296,born@TABARISTAN_526E363N_R,2
297,GAL@literature-popular,2
298,resided@RUSAFA_463E317N_S,2
299,born@SANA_442E153N_S,2
300,resided@SABZAWAR_576E361N_S,2
301,died@NAJAF_443E319N_S,2
302,born@SABTA_053W358N_S,2
303,died@NAWA_360E328N_S,2
304,GAL@malikis,2
305,resided@SHANTARIN_087W392N_S,2
306,born@QAYRAWAN_101E357N_S,2
307,GAL@prose,2
308,died@SABZAWAR_576E361N_S,2
309,died@MAWSIL_431E363N_S,2
310,died@KUFA_443E320N_S,2
311,died@SHATIBA_005W389N_S,2
312,resided@LISHBUNA_091W387N_S,2
313,resided@NAWA_360E328N_S,2
314,resided@AMUL_524E364N_S,2
315,resided@SULTANIYYAXXXYYY,2
316,JK@سيرة النبي صلى الله عليه وسلم,2
317,GAL@quran-recitation,2
318,born@NAWA_360E328N_S,2
319,_TAZKIYA,2
320,_MISC,2
321,visited@MINA_399E213N_S,2
322,_DACIF,2
323,visited@QAHIRA_312E300N_S,2
324,Shamela@أصول الفقه والقواعد الفقهية,2
325,_HANAFI,2
326,_HANBALI,2
327,_IBNTAYMIYYA,2
328,_IMAM,2
329,ShamAY@مخطوطات حديثية,2
330,_MASAIL,2
331,_BULDAN,2
332,_MAWDUC,2
333,visited@MARW_621E376N_S,2
334,visited@MARIYYA_025W368N_S,2
335,_NABI,2
336,ShamAY@علوم القرآن - مرقم آليا,2
337,visited@MARAGHA_462E373N_S,2
338,_QISAS,2
339,visited@MALIQA_044W367N_S,2
340,Shamela@الرقاق والآداب والأذكار,2
341,_BEFORE800,2
342,visited@KUFA_443E320N_S,2
343,visited@Sind_RE,2
344,visited@YANBU_381E241N_S,2
345,visited@WASIT_463E321N_S,2
346,Shia@علوم اللغة العربية,2
347,Shia@فقه الشيعة الى القرن الثامن,2
348,Shia@فقه الشيعة من القرن الثامن,2
349,Shia@فقه المذهب الشافعي,2
350,Shia@مصادر التفسير عند السنة,2
351,Shamela@فقه شافعي,2
352,CHR,2
353,Shamela@العلل والسؤالات,2
354,visited@SARAKHS_611E365N_S,2
355,visited@SAMARRA_438E342N_S,2
356,visited@SAMARQAND_670E396N_S,2
357,visited@SABTA_053W358N_S,2
358,_AFTER800,2
359,Shamela@النحو والصرف,2
360,visited@RAYY_515E356N_S,2
361,_AKHLAQ,2
362,Sham@فقه حنفي,2
363,resided@GHARNATA_035W372N_S,2
364,GAL@biography-muhammad,2
365,GAL@education-general,2
366,GAL@damascus,2
367,PRIMARY_VERSION,2
368,visited@ISBAHAN_516E326N_S,2
369,visited@ISHBILIYYA_059W374N_S,2
370,PARATEXT,2
371,MANY_TYPOS,2
372,visited@HARA_621E343N_S,2
373,KITAB@lexicographical_alphabetical_last_radical,2
374,born@BATALYUS_069W388N_S,2
375,visited@JAZIRAKHADRA_054W361N_R,2
376,born@AMUL_524E364N_S,2
377,Sham@السيرة والشمائل,2
378,Sham@الرقاق والآداب والأذكار,2
379,JK@كتب سيرة النبي صلى الله عليه وسلم وأصحابه,2
380,visited@JIZA_312E300N_S,2
381,JK@مجموعات ومنتخبات وزوائد حديثية,2
382,_TARAIF,2
383,visited@DIMYAT_317E314N_S,2
384,visited@FARAMA_325E310N_S,1
385,GAL@rumelia,1
386,GAL@history-caliphs,1
387,GAL@empire-ottoman,1
388,resided@LABLA_066W373N_S,1
389,GAL@qaramita,1
390,visited@Aqur_RE,1
391,FOOTNOTES,1
392,visited@HULWAN_312E298N_S,1
393,resided@LURQA_017W376N_S,1
394,visited@SANA_442E153N_S,1
395,visited@HADITHA_433E360N_S,1
396,visited@HAMA_367E351N_S,1
397,resided@JaziratArab_RE,1
398,resided@JURJAN_549E373N_R,1
399,visited@ATRABULUS_358E344N_S,1
400,resided@JURJANIYYA_592E424N_S,1
401,visited@BAYRUT_355E339N_S,1
402,resided@JIBZIXXXYYY,1
403,resided@ISHBILIYYA_059W374N_R,1
404,resided@JAZAIRXXXYYY,1
405,resided@JANAD_441E136N_R,1
406,resided@ISTANBULXXXYYY,1
407,visited@TABARIYYA_355E327N_S,1
408,resided@MAYURQAXXXYYY,1
409,visited@RABADHA_413E246N_S,1
410,GAL@almohads,1
411,visited@MAWSIL_431E363N_S,1
412,GAL@history-muhammad,1
413,GAL@genealogy,1
414,resided@TABRIZ_463E380N_S,1
415,resided@QULZUM_325E300N_S,1
416,GAL@lesserschools,1
417,resided@RAQQA_390E359N_S,1
418,GAL@ismaciliyya,1
419,resided@RUMILIXXXYYY,1
420,GAL@history-prophets,1
421,resided@SAMARQAND_670E396N_S,1
422,visited@MANBIJ_379E365N_S,1
423,resided@SAMARRA_438E342N_S,1
424,resided@SARAQUSA_009W416N_S,1
425,GAL@biography,1
426,resided@URYULAXXXYYY,1
427,visited@JARJARAYA_453E327N_S,1
428,GAL@arabia-south,1
429,visited@ANTAKIYYA_361E361N_S,1
430,visited@ATRABULUS_131E328N_S,1
431,GAL@biography-collective,1
432,visited@ISBAHAN_516E326N_R,1
433,resided@MULTAN_714E301N_S,1
434,resided@MURSIYA_011W379N_S,1
435,visited@QARMASIN_470E343N_S,1
436,GAL@history-individuals,1
437,GAL@arabia-north,1
438,GAL@anatolia,1
439,GAL@calawiyya,1
440,GAL@mysticism,1
441,resided@UZJAND_733E408N_S,1
442,resided@USWAN_329E241N_S,1
443,visited@NAHRAWAN_445E334N_S,1
444,visited@BURSAXXXYYY,1
445,Shamela@كتب الألباني,1
446,resided@GHAZNA_684E335N_S,1
447,born@Aqur_RE_Auto,1
448,ShamAY@الأدب والبلاغة,1
449,Sham@علوم القرآن,1
450,_SULUK,1
451,Sham@الغريب والمعاجم ولغة الفقه,1
452,Sham@العقيدة,1
453,Sham@الأجزاء الحديثية,1
454,SBS,1
455,REVIEW_NEEDED,1
456,_THIQAT,1
457,_WAFAYAT,1
458,_ZAHIRI,1
459,REDUNDANT_PARTS,1
460,born@ASADABADH_481E348N_S,1
461,RANDOM_TAGS,1
462,born@BALKH_668E367N_S,1
463,ShamAY@التفاسير - مرقم آليا,1
464,JK@مجموعة ابن تيمية في التزكية والسلوك,1
465,JK@مجموعة ابن تيمية,1
466,born@BUKHARA_644E398N_S,1
467,born@BURHANPURXXXYYY,1
468,JK@مجموعات حديثية في الأخلاق والتزكية,1
469,born@DAQAHLA_316E312N_S,1
470,born@Daylam_RE_Auto,1
471,born@FASA_536E289N_S,1
472,born@Fars_RE,1
473,JK@كتب الفقه الإسلامي,1
474,born@HAMADHAN_485E347N_S,1
475,born@HAWFSHARQI_315E305N_R,1
476,born@Hind_RE,1
477,JK@كتب العلل ومشكل الحديث,1
478,ShamAY@التراجم والطبقات,1
479,ShamAY@شروح الحديث - مرقم آليا,1
480,GAL@sufism,1
481,_ALBANI,1
482,Shamela@كتب ابن القيم,1
483,Shia@أصول الفقه عند المذاهب السنية,1
484,Shia@مصادر التاريخ,1
485,Shamela@علوم الحديث,1
486,Shia@مصادر سيرة النبي والائمة,1
487,Shia@من مصادر العقائد عند السنيين,1
488,TEXT_QUALITY,1
489,Zaydiyya@الأدعية والأخلاق والرقائق,1
490,Zaydiyya@الشبه جاهزة,1
491,Zaydiyya@الفقه,1
492,Zaydiyya@كتب من مؤسسة الإمام زيد,1
493,Zaydiyya@للتنظيم,1
494,Shamela@بحوث ومسائل,1
495,Shamela@الغريب والمعاجم ولغة الفقه - مرقم آليا,1
496,_ANSAB,1
497,ShamAY@علوم الحديث,1
498,_BUHUTH,1
499,Shamela@العقيدة,1
500,Shamela@الأنساب,1
501,_FAHARIS,1
502,_FASAHA,1
503,_IBNQAYYIM,1
504,ShamAY@متون الحديث - مرقم آليا,1
505,ShamAY@فقه مالكي,1
506,_MALIKI,1
507,_MANSUKH,1
508,ShamAY@فقه عام,1
509,ShamAY@فقه شافعي,1
510,ShamAY@فقه حنفي,1
511,_NASIKH,1
512,born@ISTANBULXXXYYY,1
513,JK@كتب العلل والأحكام,1
514,born@JABALQALAMUN_365E339N_O,1
515,resided@AHMADABADXXXYYY,1
516,JK@الأجزاء الموضوعية,1
517,JK@أحكام القرآن,1
518,JK@أجزاء حديثية,1
519,died@ISTANBULXXXYYY,1
520,died@Iraq_RE,1
521,died@LABLA_066W373N_S,1
522,died@MAKKA_398E213N_S,1
523,died@MARAGHA_462E373N_S,1
524,died@MARIYYA_025W368N_S,1
525,INPROGRESS,1
526,died@QURTUBA_047W379N_S,1
527,died@RAYY_515E356N_S,1
528,died@TUNIS_101E367N_S,1
529,died@Yaman_RE,1
530,resided@ASFARAYIN_574E369N_S,1
531,born@JANAD_441E136N_R,1
532,INCOMPLETE_TEXT,1
533,HAD,1
534,GEO,1
535,resided@BAJA_078W380N_S,1
536,resided@BALABAKK_361E340N_S,1
537,GEN,1
538,GAL@zaydis,1
539,resided@BATALYUS_069W388N_S,1
540,GAL@zahiris,1
541,resided@BAYTMAQDIS_352E317N_S,1
542,resided@BURHANPURXXXYYY,1
543,resided@BURSAXXXYYY,1
544,GAL@turks,1
545,resided@FARGHANA_720E403N_R,1
546,died@FARGHANA_720E403N_R,1
547,Shamela@كتب ابن تيمية,1
548,died@BALANSIYYA_004W394N_S,1
549,JK@السير والتاريخ,1
550,born@JAZAIRXXXYYY,1
551,born@JURJAN_549E373N_R,1
552,born@JaziratArab_RE,1
553,JK@كتب الطبقات,1
554,JK@كتب التراجم التاريخية,1
555,JK@كتب البلدان,1
556,born@Khuzistan_RE_Auto,1
557,born@LIBIRA_036W372N_S,1
558,born@MADAIN_445E330N_S,1
559,born@MARW_621E376N_S,1
560,JK@كتب الأدب,1
561,JK@كتب الأحاديث الضعيفة والموضوعة,1
562,born@Maghrib_RE_Auto,1
563,JK@كان في الفقه الحنبلي برقم 26,1
564,JK@تواريخ البلدان,1
565,JK@المسانيد والمعاجم,1
566,born@QAZWIN_500E362N_S,1
567,JK@الفقه الشافعي,1
568,born@RAWANDXXXYYY,1
569,born@Rihab_RE_Auto,1
570,born@SAMARQAND_670E396N_S,1
571,born@SANHAJA_055W352N_S,1
572,born@SARIYA_531E365N_S,1
573,born@SUGHD_659E394N_R,1
574,JK@الفقه الحنبلي,1
575,JK@الطرائف والقصص,1
576,JK@الضعيفة,1
577,born@Sind_RE,1
578,born@ZAMAKHSHAR_597E422N_S,1
579,JK@التفسير بالمأثور,1
